{"cameraMode":{"drawMode":0,"name":"Shaded","section":"Shading Mode"},"sceneLighting":false,"audioPlay":false,"sceneViewState":{"m_AlwaysRefresh":false,"showFog":true,"showSkybox":false,"showFlares":true,"showImageEffects":true,"showParticleSystems":true,"showVisualEffectGraphs":true,"m_FxEnabled":true},"in2DMode":false,"pivot":{"x":0.14681985974311829,"y":1.2613317966461182,"z":0.023469924926757814},"rotation":{"x":-0.011508679948747158,"y":0.9866398572921753,"z":0.14124369621276856,"w":0.08039192110300064},"size":1.2247449159622193,"orthographic":false}